{
    "80154_mean": [
        0.6020599913279624,
        2.683947130751512,
        1.6207395878621276,
        0.8657414092347754
    ],
    "PRCP (Daymet)": [
        -1.0,
        0.49802784373823616,
        -0.5119999610632956,
        0.6477242804641868
    ],
    "streamflow": [
        -1.0,
        0.3304932236686531,
        -0.3777146757567546,
        0.5184694017586043
    ],
    "PPTAVG_BASIN": [
        46.119,
        140.63000000000002,
        98.66007281553398,
        46.58239168184179
    ],
    "DDENS_2009": [
        0.0,
        3.2928578456000004,
        1.3010725439951456,
        2.2241561854003553
    ],
    "STOR_NID_2009": [
        0.0,
        193.56945798000044,
        83.10119739215777,
        250.51237354168595
    ],
    "MAJ_DDENS_2009": [
        0.0,
        0.800296727400001,
        0.2599959279902913,
        0.6201784145952107
    ],
    "DEVNLCD06": [
        0.549931671,
        20.069059420000002,
        9.870253632825243,
        15.080932474355045
    ],
    "FORESTNLCD06": [
        2.7805074690000002,
        79.94022052,
        37.484332143907764,
        29.447215827265637
    ],
    "PLANTNLCD06": [
        0.0,
        78.94406800000002,
        27.03751941448058,
        32.32886770704571
    ],
    "HGA": [
        0.0,
        9.131893500000002,
        3.3031533672354367,
        6.065635387616162
    ],
    "HGB": [
        6.4700457,
        75.93962000000002,
        41.88022436148058,
        24.97248433901048
    ],
    "HGC": [
        3.9733444,
        58.12460600000001,
        28.66235474791262,
        20.41614895035709
    ],
    "HGD": [
        0.8151940000000001,
        50.23108600000002,
        18.94345070020874,
        20.290652096517103
    ],
    "PERMAVE": [
        0.9578883600000001,
        4.930976800000002,
        2.5883790774271844,
        1.8002809703986256
    ],
    "NO4AVE": [
        64.504183,
        97.285522,
        82.84956866504855,
        14.078998856721471
    ],
    "NO200AVE": [
        29.681901,
        81.33197100000001,
        55.58154278640777,
        18.989521257241154
    ],
    "NO10AVE": [
        56.836132,
        95.48162,
        78.07868453883495,
        15.66888882760309
    ],
    "CLAYAVE": [
        12.742034,
        32.977081000000005,
        23.47573557524272,
        7.586205016378324
    ],
    "SILTAVE": [
        32.635064,
        56.785801000000006,
        45.84220964563107,
        10.224495749427168
    ],
    "SANDAVE": [
        13.676535999999999,
        50.031875000000014,
        30.68205513106796,
        14.8941933059435
    ],
    "KFACT_UP": [
        0.16603515999999996,
        0.3598778,
        0.272349824053398,
        0.07087443181997724
    ],
    "RFACT": [
        32.212103,
        216.94211000000027,
        126.42608321116505,
        79.33377076174769
    ],
    "ELEV_MEAN_M_BASIN": [
        195.15098,
        2165.2184000000016,
        760.1904160072816,
        750.8458744211554
    ],
    "SLOPE_PCT": [
        0.82791543,
        27.140497,
        11.546608838228156,
        10.83290637381254
    ],
    "ASPECT_DEGREES": [
        75.927138,
        311.30829000000006,
        185.7822920725728,
        85.7309352365557
    ],
    "DRAIN_SQKM": [
        38.75004,
        7637.377300000026,
        3057.6098497330095,
        7107.948175832333
    ],
    "HYDRO_DISTURB_INDX": [
        6.0,
        25.0,
        15.815533980582524,
        6.6566232041369915
    ]
}