{
    "80154_mean": [
        -0.8181953521770748,
        0.15403143446201045,
        -0.39484524220222916,
        0.3857381008627551
    ],
    "PRCP (Daymet)": [
        -1.0,
        -0.5793354901350656,
        -0.8818574724147958,
        0.21790164851954344
    ],
    "streamflow": [
        3.1,
        3080.0,
        1289.8197910449037,
        3956.880898126623
    ],
    "PPTAVG_BASIN": [
        46.266000000000005,
        140.36,
        98.69961445783132,
        46.42770404081985
    ],
    "DDENS_2009": [
        0.0,
        3.2946411315999997,
        1.3142048831614457,
        2.2366779523800395
    ],
    "STOR_NID_2009": [
        0.0,
        189.80006502000032,
        82.77892883423854,
        249.65856287954608
    ],
    "MAJ_DDENS_2009": [
        0.0,
        0.7907235696000008,
        0.2594519359445783,
        0.6183647476002412
    ],
    "DEVNLCD06": [
        0.550908774,
        20.30976512000001,
        9.879454432949398,
        15.042033106360545
    ],
    "FORESTNLCD06": [
        2.8021196460000004,
        79.93272868,
        37.35853486599999,
        29.403359604215627
    ],
    "PLANTNLCD06": [
        0.0,
        79.0354972,
        27.305096333893975,
        32.42942308844156
    ],
    "HGA": [
        0.0,
        9.103722000000001,
        3.2882420216891566,
        6.04781602922676
    ],
    "HGB": [
        6.366391800000001,
        75.89834,
        41.697910051879525,
        25.030083504193836
    ],
    "HGC": [
        3.9757336,
        58.137716000000005,
        28.78595553286747,
        20.42728144555272
    ],
    "HGD": [
        0.7974127600000002,
        50.953456000000024,
        18.96003596194217,
        20.334303845547584
    ],
    "PERMAVE": [
        0.92037064,
        4.922000200000001,
        2.579123499518072,
        1.799328259602943
    ],
    "NO4AVE": [
        64.562722,
        97.283428,
        82.89968226506024,
        14.066542243698207
    ],
    "NO200AVE": [
        29.707794,
        81.282984,
        55.68983782650603,
        19.00148430120153
    ],
    "NO10AVE": [
        56.945727999999995,
        95.47472,
        78.12856968674699,
        15.655940098715913
    ],
    "CLAYAVE": [
        12.814976000000001,
        33.26344200000001,
        23.533305799999994,
        7.611373120017036
    ],
    "SILTAVE": [
        32.656375999999995,
        56.746534,
        45.87534692530121,
        10.196685070617313
    ],
    "SANDAVE": [
        13.645067999999998,
        49.86497000000001,
        30.591347599999995,
        14.887422034915891
    ],
    "KFACT_UP": [
        0.16614123999999997,
        0.36020412,
        0.2728715137590362,
        0.07097360839900478
    ],
    "RFACT": [
        32.440622000000005,
        214.4704400000002,
        126.60914766987952,
        79.10146307837053
    ],
    "ELEV_MEAN_M_BASIN": [
        194.90296,
        2150.999600000001,
        756.3216737228915,
        749.5059390147563
    ],
    "SLOPE_PCT": [
        0.8266009999999999,
        27.136108,
        11.484087601638555,
        10.821724998768028
    ],
    "ASPECT_DEGREES": [
        74.67274400000001,
        310.82946000000004,
        184.9628912142169,
        86.1126688783826
    ],
    "DRAIN_SQKM": [
        39.35106000000001,
        7419.620200000018,
        3048.3495021445783,
        7085.233665635171
    ],
    "HYDRO_DISTURB_INDX": [
        6.0,
        25.0,
        15.836144578313252,
        6.662040975181759
    ]
}